Id,task_1,task_2
data\test\melanoma\ISIC_0012258.jpg,-0.8917059898376465,1.0364151000976562
data\test\melanoma\ISIC_0012356.jpg,0.8490051031112671,-1.2012197971343994
data\test\melanoma\ISIC_0012369.jpg,1.5590776205062866,-0.5091052055358887
data\test\melanoma\ISIC_0012395.jpg,1.2455061674118042,-0.7012955546379089
data\test\melanoma\ISIC_0012425.jpg,-0.025295227766036987,-0.06851871311664581
data\test\melanoma\ISIC_0012758.jpg,1.7528170347213745,-2.6165735721588135
data\test\melanoma\ISIC_0012989.jpg,0.953209638595581,-1.7101589441299438
data\test\melanoma\ISIC_0013072.jpg,1.424056887626648,-1.0791220664978027
data\test\melanoma\ISIC_0013073.jpg,1.7863234281539917,-0.6982960104942322
data\test\melanoma\ISIC_0013242.jpg,0.6423937082290649,-0.03485947102308273
data\test\melanoma\ISIC_0013277.jpg,-0.11707645654678345,0.8213420510292053
data\test\melanoma\ISIC_0013321.jpg,0.3138241171836853,-0.29225441813468933
data\test\melanoma\ISIC_0013374.jpg,0.7968542575836182,0.27119719982147217
data\test\melanoma\ISIC_0013411.jpg,0.24669048190116882,0.951942503452301
data\test\melanoma\ISIC_0013414.jpg,-0.760248064994812,0.8353936076164246
data\test\melanoma\ISIC_0013455.jpg,3.3711113929748535,-2.7555887699127197
data\test\melanoma\ISIC_0013457.jpg,0.5527809858322144,0.1289576292037964
data\test\melanoma\ISIC_0013459.jpg,1.1586259603500366,-0.9095484018325806
data\test\melanoma\ISIC_0013472.jpg,0.7448234558105469,-0.8133448362350464
data\test\melanoma\ISIC_0013473.jpg,1.2581815719604492,0.15444684028625488
data\test\melanoma\ISIC_0013565.jpg,0.4244346618652344,0.8614786267280579
data\test\melanoma\ISIC_0013577.jpg,1.1085041761398315,0.49858540296554565
data\test\melanoma\ISIC_0013588.jpg,0.6786329746246338,1.3020704984664917
data\test\melanoma\ISIC_0013615.jpg,2.0726284980773926,-1.4245363473892212
data\test\melanoma\ISIC_0013617.jpg,1.176537275314331,-0.610409677028656
data\test\melanoma\ISIC_0013636.jpg,2.5681135654449463,-2.0682075023651123
data\test\melanoma\ISIC_0013678.jpg,0.44667676091194153,-0.031871065497398376
data\test\melanoma\ISIC_0013696.jpg,-0.6544486284255981,0.8144310712814331
data\test\melanoma\ISIC_0013733.jpg,1.5629441738128662,-0.7413022518157959
data\test\melanoma\ISIC_0013739.jpg,1.68899667263031,-1.019352912902832
data\test\melanoma\ISIC_0013766.jpg,1.786493182182312,-2.2723300457000732
data\test\melanoma\ISIC_0013767.jpg,1.7268322706222534,-0.7491896748542786
data\test\melanoma\ISIC_0013813.jpg,1.2687267065048218,-0.1462039351463318
data\test\melanoma\ISIC_0013814.jpg,1.8927066326141357,-1.1356056928634644
data\test\melanoma\ISIC_0013833.jpg,1.8296338319778442,-0.8161860704421997
data\test\melanoma\ISIC_0013842.jpg,1.6223441362380981,-3.0042684078216553
data\test\melanoma\ISIC_0013867.jpg,0.7560610771179199,-0.08758459985256195
data\test\melanoma\ISIC_0013908.jpg,1.7624317407608032,-0.04895825311541557
data\test\melanoma\ISIC_0013917.jpg,0.4310092628002167,0.06078324466943741
data\test\melanoma\ISIC_0013925.jpg,-0.932746410369873,2.7189102172851562
data\test\melanoma\ISIC_0013948.jpg,1.6398463249206543,-1.069373369216919
data\test\melanoma\ISIC_0013953.jpg,1.567876935005188,-1.3854962587356567
data\test\melanoma\ISIC_0013987.jpg,1.3429181575775146,-0.4704590439796448
data\test\melanoma\ISIC_0013988.jpg,1.3265498876571655,-0.40926510095596313
data\test\melanoma\ISIC_0014027.jpg,-0.29068538546562195,0.8192905187606812
data\test\melanoma\ISIC_0014059.jpg,0.9203933477401733,-3.223402261734009
data\test\melanoma\ISIC_0014077.jpg,2.7127785682678223,-2.696207284927368
data\test\melanoma\ISIC_0014103.jpg,0.1824379414319992,1.106112003326416
data\test\melanoma\ISIC_0014110.jpg,1.0719586610794067,-0.9163312315940857
data\test\melanoma\ISIC_0014129.jpg,1.16641366481781,-0.2339974045753479
data\test\melanoma\ISIC_0014148.jpg,1.2698404788970947,-0.7661531567573547
data\test\melanoma\ISIC_0014160.jpg,2.1895217895507812,-1.9641985893249512
data\test\melanoma\ISIC_0014181.jpg,1.3972386121749878,0.12956956028938293
data\test\melanoma\ISIC_0014186.jpg,0.06348326802253723,1.6225723028182983
data\test\melanoma\ISIC_0014219.jpg,1.3919637203216553,-0.33949318528175354
data\test\melanoma\ISIC_0014221.jpg,1.4997498989105225,-0.4626467227935791
data\test\melanoma\ISIC_0014233.jpg,0.7659585475921631,1.3186757564544678
data\test\melanoma\ISIC_0014255.jpg,0.9234888553619385,0.6313936114311218
data\test\melanoma\ISIC_0014270.jpg,0.8637661933898926,-0.724310576915741
data\test\melanoma\ISIC_0014284.jpg,1.699565052986145,-0.39518576860427856
data\test\melanoma\ISIC_0014288.jpg,0.8855010271072388,-0.8051177859306335
data\test\melanoma\ISIC_0014319.jpg,1.5124624967575073,-1.5596648454666138
data\test\melanoma\ISIC_0014336.jpg,1.0153281688690186,0.2798351049423218
data\test\melanoma\ISIC_0014349.jpg,1.8926883935928345,-1.3216617107391357
data\test\melanoma\ISIC_0014369.jpg,1.396700382232666,-0.37469106912612915
data\test\melanoma\ISIC_0014423.jpg,0.7997815608978271,-0.11669774353504181
data\test\melanoma\ISIC_0014434.jpg,0.3842456638813019,0.26902467012405396
data\test\melanoma\ISIC_0014454.jpg,1.0259562730789185,-0.5740104913711548
data\test\melanoma\ISIC_0014478.jpg,2.478745698928833,-2.1871962547302246
data\test\melanoma\ISIC_0014489.jpg,2.4364709854125977,-1.867437481880188
data\test\melanoma\ISIC_0014506.jpg,1.3671003580093384,0.48501259088516235
data\test\melanoma\ISIC_0014513.jpg,0.580873966217041,0.3587898910045624
data\test\melanoma\ISIC_0014541.jpg,1.695029616355896,-0.6742967963218689
data\test\melanoma\ISIC_0014542.jpg,1.335310935974121,0.6498818397521973
data\test\melanoma\ISIC_0014546.jpg,2.6374855041503906,-1.4630199670791626
data\test\melanoma\ISIC_0014548.jpg,1.9411633014678955,-1.118329405784607
data\test\melanoma\ISIC_0014559.jpg,2.219848155975342,-0.7499263882637024
data\test\melanoma\ISIC_0014663.jpg,1.9102842807769775,0.6077079176902771
data\test\melanoma\ISIC_0014666.jpg,2.2061617374420166,-1.5993393659591675
data\test\melanoma\ISIC_0014695.jpg,0.459089070558548,0.9645645022392273
data\test\melanoma\ISIC_0014703.jpg,0.691725492477417,0.9286525845527649
data\test\melanoma\ISIC_0014727.jpg,1.7129539251327515,-0.5451935529708862
data\test\melanoma\ISIC_0014766.jpg,0.8137444257736206,0.8137093782424927
data\test\melanoma\ISIC_0014772.jpg,0.31937694549560547,0.7069634795188904
data\test\melanoma\ISIC_0014784.jpg,0.20515912771224976,0.7247903943061829
data\test\melanoma\ISIC_0014790.jpg,0.046569377183914185,-0.21535032987594604
data\test\melanoma\ISIC_0014800.jpg,1.0430960655212402,-0.5094894170761108
data\test\melanoma\ISIC_0014826.jpg,2.992628335952759,-2.689384937286377
data\test\melanoma\ISIC_0014862.jpg,1.2282545566558838,-1.494467854499817
data\test\melanoma\ISIC_0014872.jpg,-0.1559617817401886,1.2611676454544067
data\test\melanoma\ISIC_0014883.jpg,2.1831841468811035,-3.188908576965332
data\test\melanoma\ISIC_0014912.jpg,1.5623332262039185,-1.3526861667633057
data\test\melanoma\ISIC_0014928.jpg,0.24032847583293915,0.8041890263557434
data\test\melanoma\ISIC_0014932.jpg,1.1394636631011963,-1.3554763793945312
data\test\melanoma\ISIC_0014963.jpg,1.3831100463867188,0.2822878062725067
data\test\melanoma\ISIC_0014982.jpg,1.8590755462646484,-1.3258284330368042
data\test\melanoma\ISIC_0015004.jpg,0.692378044128418,0.28071558475494385
data\test\melanoma\ISIC_0015041.jpg,2.4448776245117188,-2.187138557434082
data\test\melanoma\ISIC_0015046.jpg,1.4373348951339722,-1.1834485530853271
data\test\melanoma\ISIC_0015050.jpg,0.5567797422409058,0.4497765898704529
data\test\melanoma\ISIC_0015071.jpg,0.7292752265930176,-0.9261924624443054
data\test\melanoma\ISIC_0015115.jpg,1.4601526260375977,-0.048641905188560486
data\test\melanoma\ISIC_0015119.jpg,1.5526293516159058,-0.3837611675262451
data\test\melanoma\ISIC_0015127.jpg,1.746079921722412,-1.065614104270935
data\test\melanoma\ISIC_0015132.jpg,1.4388397932052612,0.021772049367427826
data\test\melanoma\ISIC_0015133.jpg,0.905343770980835,-0.9413108229637146
data\test\melanoma\ISIC_0015136.jpg,2.2458934783935547,-2.2110354900360107
data\test\melanoma\ISIC_0015142.jpg,1.1842763423919678,-0.7299290895462036
data\test\melanoma\ISIC_0015156.jpg,0.0808575302362442,0.08017953485250473
data\test\melanoma\ISIC_0015163.jpg,0.41371098160743713,1.4706653356552124
data\test\melanoma\ISIC_0015167.jpg,0.6011930704116821,0.6749457716941833
data\test\melanoma\ISIC_0015180.jpg,0.459847092628479,0.6329736113548279
data\test\melanoma\ISIC_0015185.jpg,0.9249883890151978,0.12825757265090942
data\test\melanoma\ISIC_0015193.jpg,1.0519484281539917,-0.7094452977180481
data\test\melanoma\ISIC_0015206.jpg,2.4697999954223633,-2.2406821250915527
data\test\melanoma\ISIC_0015229.jpg,0.8566120862960815,-0.23544669151306152
data\test\melanoma\ISIC_0015251.jpg,1.6220651865005493,-1.3319026231765747
data\test\nevus\ISIC_0012092.jpg,0.745987057685852,-0.9677979350090027
data\test\nevus\ISIC_0012095.jpg,0.9535778760910034,-1.8147588968276978
data\test\nevus\ISIC_0012147.jpg,1.1411296129226685,-1.1993502378463745
data\test\nevus\ISIC_0012149.jpg,-0.702521562576294,1.4264951944351196
data\test\nevus\ISIC_0012152.jpg,0.3707648515701294,0.45168566703796387
data\test\nevus\ISIC_0012216.jpg,0.2902412414550781,0.8186704516410828
data\test\nevus\ISIC_0012357.jpg,1.972558617591858,-1.379003643989563
data\test\nevus\ISIC_0012484.jpg,0.09827015548944473,2.287330389022827
data\test\nevus\ISIC_0012493.jpg,0.2251565307378769,-0.2044023871421814
data\test\nevus\ISIC_0012551.jpg,-0.33803877234458923,0.30319324135780334
data\test\nevus\ISIC_0012654.jpg,-0.02641621232032776,-1.2163172960281372
data\test\nevus\ISIC_0012656.jpg,0.7954655885696411,-0.4945371150970459
data\test\nevus\ISIC_0012708.jpg,0.2297869175672531,-0.9284312725067139
data\test\nevus\ISIC_0012722.jpg,0.37333548069000244,-0.24842634797096252
data\test\nevus\ISIC_0012803.jpg,0.5081398487091064,-0.6903455853462219
data\test\nevus\ISIC_0012836.jpg,0.40313541889190674,-0.28854134678840637
data\test\nevus\ISIC_0012837.jpg,-1.4408221244812012,0.8015164732933044
data\test\nevus\ISIC_0012903.jpg,0.03108571469783783,-0.465603768825531
data\test\nevus\ISIC_0012904.jpg,0.5764129161834717,-1.1966346502304077
data\test\nevus\ISIC_0012941.jpg,-1.001569390296936,1.6770241260528564
data\test\nevus\ISIC_0012967.jpg,1.1782459020614624,-1.2023416757583618
data\test\nevus\ISIC_0013045.jpg,0.8038957118988037,-2.0043389797210693
data\test\nevus\ISIC_0013070.jpg,-0.14788824319839478,-0.4852762818336487
data\test\nevus\ISIC_0013109.jpg,0.9523893594741821,-1.6420865058898926
data\test\nevus\ISIC_0013159.jpg,0.7187139987945557,0.8507205247879028
data\test\nevus\ISIC_0013164.jpg,-0.48697206377983093,0.04638085514307022
data\test\nevus\ISIC_0013176.jpg,1.0724196434020996,-1.647896647453308
data\test\nevus\ISIC_0013191.jpg,0.15387104451656342,0.8707475662231445
data\test\nevus\ISIC_0013216.jpg,1.8172739744186401,-1.660211205482483
data\test\nevus\ISIC_0013226.jpg,0.14444562792778015,-0.005719311535358429
data\test\nevus\ISIC_0013230.jpg,-0.04559342563152313,-1.4099465608596802
data\test\nevus\ISIC_0013269.jpg,1.0872763395309448,-0.8485854864120483
data\test\nevus\ISIC_0013291.jpg,1.2072886228561401,-1.2886182069778442
data\test\nevus\ISIC_0013325.jpg,0.8084827661514282,-2.900139331817627
data\test\nevus\ISIC_0013399.jpg,0.3629908561706543,-0.5653020739555359
data\test\nevus\ISIC_0013416.jpg,-0.10750743746757507,-0.6183662414550781
data\test\nevus\ISIC_0013511.jpg,-0.5240391492843628,1.8743852376937866
data\test\nevus\ISIC_0013512.jpg,-0.18434414267539978,0.14233136177062988
data\test\nevus\ISIC_0013529.jpg,0.47061946988105774,-0.8035243153572083
data\test\nevus\ISIC_0013600.jpg,1.4872013330459595,-1.556585431098938
data\test\nevus\ISIC_0013602.jpg,0.9752225875854492,-0.6972857117652893
data\test\nevus\ISIC_0013738.jpg,-0.48887237906455994,-0.9311524033546448
data\test\nevus\ISIC_0013794.jpg,0.4240783751010895,-1.2144944667816162
data\test\nevus\ISIC_0013809.jpg,2.2703373432159424,-1.6016072034835815
data\test\nevus\ISIC_0013891.jpg,0.796715497970581,-1.384758710861206
data\test\nevus\ISIC_0013897.jpg,1.1289818286895752,0.23813799023628235
data\test\nevus\ISIC_0013911.jpg,-0.23037859797477722,0.7201582789421082
data\test\nevus\ISIC_0013966.jpg,-0.9681137800216675,2.4277350902557373
data\test\nevus\ISIC_0013998.jpg,-0.6226165294647217,0.8491613268852234
data\test\nevus\ISIC_0014090.jpg,0.03324925899505615,-0.4393949508666992
data\test\nevus\ISIC_0014117.jpg,1.6989367008209229,-1.8929612636566162
data\test\nevus\ISIC_0014470.jpg,-0.08310985565185547,-1.472472906112671
data\test\nevus\ISIC_0014675.jpg,0.7130290269851685,-1.1298128366470337
data\test\nevus\ISIC_0014677.jpg,-0.262163370847702,0.49966639280319214
data\test\nevus\ISIC_0014687.jpg,0.8129457235336304,-0.374567449092865
data\test\nevus\ISIC_0014693.jpg,1.3913395404815674,0.032229579985141754
data\test\nevus\ISIC_0014697.jpg,-0.16693976521492004,0.5728419423103333
data\test\nevus\ISIC_0014698.jpg,0.7972474098205566,-0.49989378452301025
data\test\nevus\ISIC_0014720.jpg,2.184115171432495,-1.5805658102035522
data\test\nevus\ISIC_0014725.jpg,0.6737995147705078,-0.474179744720459
data\test\nevus\ISIC_0014728.jpg,0.6036309003829956,0.1298997402191162
data\test\nevus\ISIC_0014729.jpg,1.3542284965515137,-0.5206170678138733
data\test\nevus\ISIC_0014740.jpg,0.7741929292678833,-0.3170299828052521
data\test\nevus\ISIC_0014743.jpg,0.396409809589386,-0.5878391265869141
data\test\nevus\ISIC_0014746.jpg,0.7206523418426514,-0.6578129529953003
data\test\nevus\ISIC_0014749.jpg,1.624974012374878,-1.745335578918457
data\test\nevus\ISIC_0014753.jpg,1.1094378232955933,-0.2636340260505676
data\test\nevus\ISIC_0014755.jpg,2.0549256801605225,-2.0842888355255127
data\test\nevus\ISIC_0014765.jpg,0.29059118032455444,-0.12360808253288269
data\test\nevus\ISIC_0014768.jpg,-0.050304293632507324,-0.7180379033088684
data\test\nevus\ISIC_0014773.jpg,0.6679595112800598,-1.281065583229065
data\test\nevus\ISIC_0014780.jpg,0.7956633567810059,-0.9165048003196716
data\test\nevus\ISIC_0014786.jpg,0.8873082399368286,-0.3662726879119873
data\test\nevus\ISIC_0014787.jpg,0.9443687200546265,-0.4617193341255188
data\test\nevus\ISIC_0014792.jpg,0.20331725478172302,1.0755175352096558
data\test\nevus\ISIC_0014796.jpg,0.9806296825408936,-0.7231399416923523
data\test\nevus\ISIC_0014798.jpg,0.5532301664352417,-0.9660072922706604
data\test\nevus\ISIC_0014807.jpg,0.3427339792251587,0.2083824872970581
data\test\nevus\ISIC_0014814.jpg,0.962979793548584,-1.4135059118270874
data\test\nevus\ISIC_0014815.jpg,0.9268431663513184,-1.0390801429748535
data\test\nevus\ISIC_0014820.jpg,0.2751348912715912,-0.41895776987075806
data\test\nevus\ISIC_0014822.jpg,0.430715411901474,-0.5328103303909302
data\test\nevus\ISIC_0014833.jpg,1.1377973556518555,0.6217291951179504
data\test\nevus\ISIC_0014835.jpg,1.9327130317687988,-2.2773234844207764
data\test\nevus\ISIC_0014844.jpg,1.265631914138794,-0.8245493769645691
data\test\nevus\ISIC_0014853.jpg,1.0052787065505981,-1.284134864807129
data\test\nevus\ISIC_0014854.jpg,-0.17372176051139832,0.45961350202560425
data\test\nevus\ISIC_0014863.jpg,0.6853439807891846,-0.6537739634513855
data\test\nevus\ISIC_0014867.jpg,0.849449872970581,-1.5001872777938843
data\test\nevus\ISIC_0014868.jpg,0.661888599395752,-0.8291166424751282
data\test\nevus\ISIC_0014876.jpg,1.1373229026794434,-1.8342806100845337
data\test\nevus\ISIC_0014879.jpg,0.2795340418815613,-0.4448699355125427
data\test\nevus\ISIC_0014901.jpg,0.3450717628002167,-0.40208590030670166
data\test\nevus\ISIC_0014907.jpg,0.5991581678390503,0.7462472319602966
data\test\nevus\ISIC_0014910.jpg,1.3196734189987183,-1.0653506517410278
data\test\nevus\ISIC_0014921.jpg,1.6883307695388794,-2.6901919841766357
data\test\nevus\ISIC_0014927.jpg,1.2658268213272095,-1.3097140789031982
data\test\nevus\ISIC_0014936.jpg,1.8781813383102417,-2.164623260498047
data\test\nevus\ISIC_0014938.jpg,1.6234914064407349,-1.7747172117233276
data\test\nevus\ISIC_0014940.jpg,0.9307496547698975,-1.4258249998092651
data\test\nevus\ISIC_0014941.jpg,0.8382229804992676,-0.6844317317008972
data\test\nevus\ISIC_0014942.jpg,0.06527101993560791,0.21714764833450317
data\test\nevus\ISIC_0014943.jpg,1.327232003211975,-1.4442402124404907
data\test\nevus\ISIC_0014944.jpg,0.6642301082611084,-0.5380561947822571
data\test\nevus\ISIC_0014947.jpg,1.0797492265701294,-1.3724030256271362
data\test\nevus\ISIC_0014948.jpg,1.4509118795394897,-0.04422546923160553
data\test\nevus\ISIC_0014949.jpg,2.103853464126587,-2.8122079372406006
data\test\nevus\ISIC_0014952.jpg,1.4950779676437378,-1.7959543466567993
data\test\nevus\ISIC_0014955.jpg,0.5985889434814453,-0.22057560086250305
data\test\nevus\ISIC_0014956.jpg,1.031436562538147,-0.5273600220680237
data\test\nevus\ISIC_0014957.jpg,0.8769468069076538,-1.4594817161560059
data\test\nevus\ISIC_0014958.jpg,1.2491005659103394,-2.629438638687134
data\test\nevus\ISIC_0014959.jpg,0.6501885652542114,-0.3204520642757416
data\test\nevus\ISIC_0014961.jpg,0.0446150004863739,-0.12683218717575073
data\test\nevus\ISIC_0014962.jpg,0.006775587797164917,0.15987765789031982
data\test\nevus\ISIC_0014964.jpg,1.1554418802261353,-0.4627572298049927
data\test\nevus\ISIC_0014966.jpg,0.964108943939209,-1.039527416229248
data\test\nevus\ISIC_0014968.jpg,0.02175423502922058,0.1297360360622406
data\test\nevus\ISIC_0014969.jpg,1.373981237411499,-1.7543776035308838
data\test\nevus\ISIC_0014973.jpg,0.5264503359794617,-0.36156755685806274
data\test\nevus\ISIC_0014974.jpg,0.39103198051452637,0.26280200481414795
data\test\nevus\ISIC_0014977.jpg,0.6748726963996887,-1.1132043600082397
data\test\nevus\ISIC_0014992.jpg,1.108216643333435,-0.985335648059845
data\test\nevus\ISIC_0014994.jpg,0.7374892234802246,-1.0329338312149048
data\test\nevus\ISIC_0014998.jpg,0.5059020519256592,0.31847813725471497
data\test\nevus\ISIC_0015002.jpg,-0.3605530560016632,1.0684477090835571
data\test\nevus\ISIC_0015003.jpg,0.7901066541671753,0.2611333429813385
data\test\nevus\ISIC_0015007.jpg,0.4388766884803772,0.3388223648071289
data\test\nevus\ISIC_0015008.jpg,0.3391314148902893,1.0884077548980713
data\test\nevus\ISIC_0015009.jpg,0.6638714075088501,-0.2020774930715561
data\test\nevus\ISIC_0015011.jpg,0.18280503153800964,1.22551691532135
data\test\nevus\ISIC_0015013.jpg,1.1679377555847168,0.572714626789093
data\test\nevus\ISIC_0015015.jpg,1.041269302368164,-1.4459643363952637
data\test\nevus\ISIC_0015016.jpg,0.15966153144836426,0.8139480948448181
data\test\nevus\ISIC_0015018.jpg,0.15024474263191223,0.6053922772407532
data\test\nevus\ISIC_0015019.jpg,1.6723711490631104,-0.9404178261756897
data\test\nevus\ISIC_0015020.jpg,1.040786623954773,0.019676119089126587
data\test\nevus\ISIC_0015021.jpg,0.4149405360221863,0.06647355109453201
data\test\nevus\ISIC_0015023.jpg,1.7550886869430542,-2.1188929080963135
data\test\nevus\ISIC_0015026.jpg,-0.08133819699287415,0.921455442905426
data\test\nevus\ISIC_0015030.jpg,0.25201982259750366,-0.4766112267971039
data\test\nevus\ISIC_0015031.jpg,-0.4236660897731781,1.905359148979187
data\test\nevus\ISIC_0015034.jpg,-0.41944238543510437,0.3068447709083557
data\test\nevus\ISIC_0015035.jpg,0.1661289483308792,-0.1673494279384613
data\test\nevus\ISIC_0015037.jpg,0.7308235168457031,-0.7772378325462341
data\test\nevus\ISIC_0015040.jpg,-0.19554871320724487,0.6002539396286011
data\test\nevus\ISIC_0015051.jpg,0.33805280923843384,0.5785965323448181
data\test\nevus\ISIC_0015056.jpg,1.790289282798767,-0.9901629090309143
data\test\nevus\ISIC_0015057.jpg,0.9926358461380005,0.20173168182373047
data\test\nevus\ISIC_0015060.jpg,-0.6920952796936035,0.31496578454971313
data\test\nevus\ISIC_0015064.jpg,1.0470263957977295,0.5303177833557129
data\test\nevus\ISIC_0015078.jpg,0.04103367030620575,0.4737698435783386
data\test\nevus\ISIC_0015089.jpg,0.21934741735458374,-1.1764326095581055
data\test\nevus\ISIC_0015102.jpg,0.7985395193099976,-0.35202598571777344
data\test\nevus\ISIC_0015118.jpg,0.2138022780418396,0.6903479695320129
data\test\nevus\ISIC_0015125.jpg,1.274283766746521,-2.354006290435791
data\test\nevus\ISIC_0015129.jpg,0.31532973051071167,-0.26589465141296387
data\test\nevus\ISIC_0015130.jpg,0.20929250121116638,-0.4755050241947174
data\test\nevus\ISIC_0015139.jpg,1.3317128419876099,-1.3341413736343384
data\test\nevus\ISIC_0015140.jpg,1.197445273399353,-0.118967704474926
data\test\nevus\ISIC_0015146.jpg,0.9490325450897217,-0.6159952282905579
data\test\nevus\ISIC_0015149.jpg,1.3359266519546509,-0.5002128481864929
data\test\nevus\ISIC_0015150.jpg,0.6587297916412354,0.42504024505615234
data\test\nevus\ISIC_0015152.jpg,0.40561535954475403,0.5211465954780579
data\test\nevus\ISIC_0015155.jpg,0.4002370238304138,0.023784339427947998
data\test\nevus\ISIC_0015157.jpg,0.9328454732894897,-1.4404305219650269
data\test\nevus\ISIC_0015160.jpg,-0.2815956771373749,1.1463066339492798
data\test\nevus\ISIC_0015161.jpg,0.3972211480140686,-0.4967626929283142
data\test\nevus\ISIC_0015171.jpg,0.6765778064727783,-0.018573790788650513
data\test\nevus\ISIC_0015173.jpg,2.088118553161621,-1.358633279800415
data\test\nevus\ISIC_0015174.jpg,0.7587058544158936,-0.6073898673057556
data\test\nevus\ISIC_0015175.jpg,0.7384810447692871,-0.8516044020652771
data\test\nevus\ISIC_0015176.jpg,1.0011274814605713,-0.017913848161697388
data\test\nevus\ISIC_0015179.jpg,0.7159931659698486,-0.777974545955658
data\test\nevus\ISIC_0015184.jpg,0.4581059515476227,-0.8977118134498596
data\test\nevus\ISIC_0015201.jpg,0.8472082614898682,-0.7245277762413025
data\test\nevus\ISIC_0015202.jpg,1.3100172281265259,-2.2318053245544434
data\test\nevus\ISIC_0015203.jpg,0.9718576669692993,0.07846585661172867
data\test\nevus\ISIC_0015207.jpg,0.8890661001205444,0.7198999524116516
data\test\nevus\ISIC_0015208.jpg,1.7120931148529053,-1.0881402492523193
data\test\nevus\ISIC_0015212.jpg,-0.03201115131378174,-1.5558189153671265
data\test\nevus\ISIC_0015215.jpg,1.3692940473556519,-1.664441466331482
data\test\nevus\ISIC_0015216.jpg,-0.1397952139377594,1.2096446752548218
data\test\nevus\ISIC_0015217.jpg,0.7893385887145996,-1.2389564514160156
data\test\nevus\ISIC_0015218.jpg,0.3466465175151825,-1.1705652475357056
data\test\nevus\ISIC_0015223.jpg,0.47107258439064026,-0.9022052884101868
data\test\nevus\ISIC_0015224.jpg,1.1023529767990112,-0.7570375800132751
data\test\nevus\ISIC_0015226.jpg,0.2086229920387268,0.26441898941993713
data\test\nevus\ISIC_0015232.jpg,0.2562941908836365,-0.2662917673587799
data\test\nevus\ISIC_0015237.jpg,2.2765541076660156,-1.455014705657959
data\test\nevus\ISIC_0015241.jpg,0.5137478709220886,-0.5075156092643738
data\test\nevus\ISIC_0015244.jpg,0.8384735584259033,-0.4717904031276703
data\test\nevus\ISIC_0015245.jpg,0.23224550485610962,1.3422552347183228
data\test\nevus\ISIC_0015250.jpg,-0.25264236330986023,0.9795252680778503
data\test\nevus\ISIC_0015254.jpg,0.1526733785867691,0.2616335451602936
data\test\nevus\ISIC_0015255.jpg,0.9432952404022217,0.10974720865488052
data\test\nevus\ISIC_0015258.jpg,-0.07944080233573914,0.8541470170021057
data\test\nevus\ISIC_0015264.jpg,0.08705128729343414,0.439389705657959
data\test\nevus\ISIC_0015270.jpg,1.5265817642211914,-1.8674226999282837
data\test\nevus\ISIC_0015273.jpg,-0.3347181975841522,0.2727244794368744
data\test\nevus\ISIC_0015274.jpg,1.0509487390518188,-0.4736728072166443
data\test\nevus\ISIC_0015276.jpg,0.3461885452270508,-0.3081587255001068
data\test\nevus\ISIC_0015279.jpg,-0.15227583050727844,0.009184934198856354
data\test\nevus\ISIC_0015283.jpg,0.6109898090362549,-0.8662735819816589
data\test\nevus\ISIC_0015291.jpg,-0.31217530369758606,-0.19730734825134277
data\test\nevus\ISIC_0015293.jpg,1.6428035497665405,-2.6504223346710205
data\test\nevus\ISIC_0015298.jpg,1.4899271726608276,-2.4975364208221436
data\test\nevus\ISIC_0015309.jpg,-0.525121808052063,1.054589867591858
data\test\nevus\ISIC_0015310.jpg,1.0052900314331055,0.0980939045548439
data\test\nevus\ISIC_0015311.jpg,0.2298174351453781,0.2926696240901947
data\test\nevus\ISIC_0015312.jpg,1.9597710371017456,-2.4430501461029053
data\test\nevus\ISIC_0015330.jpg,1.2559655904769897,-2.4233696460723877
data\test\nevus\ISIC_0015331.jpg,-0.33417949080467224,0.7151859402656555
data\test\nevus\ISIC_0015347.jpg,-1.424700379371643,0.799589216709137
data\test\nevus\ISIC_0015353.jpg,1.0993471145629883,-0.00813247263431549
data\test\nevus\ISIC_0015355.jpg,0.6931989192962646,-1.8147538900375366
data\test\nevus\ISIC_0015357.jpg,0.2751936912536621,-0.21430280804634094
data\test\nevus\ISIC_0015360.jpg,2.3225226402282715,-1.8021759986877441
data\test\nevus\ISIC_0015363.jpg,0.6380971670150757,0.8503867983818054
data\test\nevus\ISIC_0015364.jpg,0.14966122806072235,0.9230204224586487
data\test\nevus\ISIC_0015368.jpg,0.5903631448745728,0.129747211933136
data\test\nevus\ISIC_0015369.jpg,0.5411489009857178,0.2519451081752777
data\test\nevus\ISIC_0015383.jpg,1.9463800191879272,-1.9310067892074585
data\test\nevus\ISIC_0015386.jpg,2.252124547958374,-2.2392916679382324
data\test\nevus\ISIC_0015390.jpg,0.77956223487854,-0.5095779299736023
data\test\nevus\ISIC_0015395.jpg,1.3134340047836304,-1.0857280492782593
data\test\nevus\ISIC_0015403.jpg,0.7297015190124512,1.218321442604065
data\test\nevus\ISIC_0015404.jpg,-0.2198048233985901,0.4547470808029175
data\test\nevus\ISIC_0015411.jpg,0.695989727973938,-0.8986628651618958
data\test\nevus\ISIC_0015412.jpg,0.4608156979084015,-0.9319998025894165
data\test\nevus\ISIC_0015416.jpg,0.8296762704849243,-0.09513569623231888
data\test\nevus\ISIC_0015417.jpg,0.9486194849014282,-0.6593417525291443
data\test\nevus\ISIC_0015418.jpg,0.9584829807281494,-0.9613828659057617
data\test\nevus\ISIC_0015419.jpg,0.2602006494998932,-0.29576072096824646
data\test\nevus\ISIC_0015436.jpg,0.4484444558620453,-0.1302490085363388
data\test\nevus\ISIC_0015440.jpg,0.7752838134765625,-1.8286885023117065
data\test\nevus\ISIC_0015447.jpg,0.970978856086731,-0.5640285611152649
data\test\nevus\ISIC_0015455.jpg,1.2494004964828491,-0.9835135340690613
data\test\nevus\ISIC_0015464.jpg,0.6963821649551392,-0.2621443271636963
data\test\nevus\ISIC_0015466.jpg,1.2599350214004517,-0.35989874601364136
data\test\nevus\ISIC_0015468.jpg,0.26627570390701294,0.7475822567939758
data\test\nevus\ISIC_0015476.jpg,0.42402780055999756,-0.16323181986808777
data\test\nevus\ISIC_0015481.jpg,0.7149311304092407,1.0326454639434814
data\test\nevus\ISIC_0015482.jpg,1.8835920095443726,-1.3659566640853882
data\test\nevus\ISIC_0015485.jpg,-0.41894522309303284,0.5196578502655029
data\test\nevus\ISIC_0015510.jpg,-0.27174827456474304,0.3973262310028076
data\test\nevus\ISIC_0015526.jpg,0.7930763959884644,-1.796741247177124
data\test\nevus\ISIC_0015537.jpg,2.130169153213501,-1.9447534084320068
data\test\nevus\ISIC_0015544.jpg,1.413407325744629,-1.9072685241699219
data\test\nevus\ISIC_0015559.jpg,0.2357877939939499,0.6455779671669006
data\test\nevus\ISIC_0015563.jpg,-0.09317278861999512,0.5590842366218567
data\test\nevus\ISIC_0015566.jpg,0.7346793413162231,-0.591874361038208
data\test\nevus\ISIC_0015568.jpg,0.9890162944793701,-1.2050122022628784
data\test\nevus\ISIC_0015582.jpg,0.5619933605194092,-1.2270829677581787
data\test\nevus\ISIC_0015593.jpg,0.04899170994758606,-0.14332811534404755
data\test\nevus\ISIC_0015603.jpg,0.8139197826385498,0.10535428673028946
data\test\nevus\ISIC_0015607.jpg,0.7183616161346436,1.0409053564071655
data\test\nevus\ISIC_0015614.jpg,0.6215318441390991,-0.4859219193458557
data\test\nevus\ISIC_0015617.jpg,-0.1288987100124359,0.8897497057914734
data\test\nevus\ISIC_0015625.jpg,1.236263632774353,-1.805146336555481
data\test\nevus\ISIC_0015631.jpg,0.8115729093551636,-0.5791545510292053
data\test\nevus\ISIC_0015636.jpg,0.9749621152877808,-0.09273398667573929
data\test\nevus\ISIC_0015638.jpg,0.8937150239944458,-2.0939900875091553
data\test\nevus\ISIC_0015641.jpg,0.9498684406280518,0.15052059292793274
data\test\nevus\ISIC_0015645.jpg,0.1319381296634674,0.6585109829902649
data\test\nevus\ISIC_0015936.jpg,-1.1121189594268799,0.8883677124977112
data\test\nevus\ISIC_0015937.jpg,0.46383604407310486,-1.5107641220092773
data\test\nevus\ISIC_0015938.jpg,0.9750555753707886,-1.8148572444915771
data\test\nevus\ISIC_0015939.jpg,1.3186429738998413,-0.44146373867988586
data\test\nevus\ISIC_0015940.jpg,0.18325304985046387,-0.5959059596061707
data\test\nevus\ISIC_0015941.jpg,0.6341722011566162,-1.1501597166061401
data\test\nevus\ISIC_0015942.jpg,0.14898714423179626,-0.7088209986686707
data\test\nevus\ISIC_0015943.jpg,-0.029684752225875854,0.0057762861251831055
data\test\nevus\ISIC_0015944.jpg,-0.5337381362915039,1.4293476343154907
data\test\nevus\ISIC_0015945.jpg,0.5383056998252869,-0.22152990102767944
data\test\nevus\ISIC_0015946.jpg,0.5228677988052368,0.1323314607143402
data\test\nevus\ISIC_0015947.jpg,1.0079255104064941,-1.095102310180664
data\test\nevus\ISIC_0015948.jpg,-0.7754440307617188,-0.15541212260723114
data\test\nevus\ISIC_0015949.jpg,0.8252737522125244,-1.4271812438964844
data\test\nevus\ISIC_0015950.jpg,0.18368639051914215,0.14793047308921814
data\test\nevus\ISIC_0015951.jpg,-0.06159403920173645,-0.4211862087249756
data\test\nevus\ISIC_0015952.jpg,0.17507046461105347,-0.43703633546829224
data\test\nevus\ISIC_0015953.jpg,0.7048126459121704,-0.27550768852233887
data\test\nevus\ISIC_0015954.jpg,0.33148765563964844,-1.5254597663879395
data\test\nevus\ISIC_0015955.jpg,0.6728441715240479,-0.5659932494163513
data\test\nevus\ISIC_0015956.jpg,0.13131503760814667,-1.313543438911438
data\test\nevus\ISIC_0015957.jpg,0.05936034023761749,-0.023606248199939728
data\test\nevus\ISIC_0015958.jpg,-0.4238074719905853,0.5310747027397156
data\test\nevus\ISIC_0015959.jpg,0.5034359097480774,-0.664611279964447
data\test\nevus\ISIC_0015960.jpg,0.31016623973846436,-0.8643286228179932
data\test\nevus\ISIC_0015961.jpg,0.14847974479198456,-0.7777420282363892
data\test\nevus\ISIC_0015962.jpg,-0.592315673828125,-0.012382112443447113
data\test\nevus\ISIC_0015963.jpg,0.5945447683334351,-1.8137078285217285
data\test\nevus\ISIC_0015964.jpg,-0.9103696346282959,0.31073591113090515
data\test\nevus\ISIC_0015965.jpg,0.16060398519039154,-0.3283389210700989
data\test\nevus\ISIC_0015966.jpg,0.6315752267837524,0.16824054718017578
data\test\nevus\ISIC_0015967.jpg,0.03329890966415405,-0.746697723865509
data\test\nevus\ISIC_0015968.jpg,1.567491888999939,-0.13350945711135864
data\test\nevus\ISIC_0015969.jpg,0.4615139961242676,-0.7698915004730225
data\test\nevus\ISIC_0015971.jpg,0.4577570855617523,-0.994018018245697
data\test\nevus\ISIC_0015972.jpg,-0.673970103263855,1.8315893411636353
data\test\nevus\ISIC_0015973.jpg,-1.1642862558364868,1.9476906061172485
data\test\nevus\ISIC_0015974.jpg,0.5429295301437378,0.08238659054040909
data\test\nevus\ISIC_0015975.jpg,1.684255838394165,-3.259582281112671
data\test\nevus\ISIC_0015976.jpg,1.3053275346755981,-1.383391261100769
data\test\nevus\ISIC_0015978.jpg,-0.9083341360092163,1.6168004274368286
data\test\nevus\ISIC_0015979.jpg,0.3707648515701294,0.45168566703796387
data\test\nevus\ISIC_0015980.jpg,0.05916573852300644,-0.503153383731842
data\test\nevus\ISIC_0015981.jpg,0.4414694011211395,-0.6446658968925476
data\test\nevus\ISIC_0015982.jpg,-0.06544238328933716,-0.9065472483634949
data\test\nevus\ISIC_0015983.jpg,0.4119035303592682,0.5418301224708557
data\test\nevus\ISIC_0015984.jpg,-0.3880351483821869,1.0869346857070923
data\test\nevus\ISIC_0015985.jpg,-0.25198590755462646,-0.42565596103668213
data\test\nevus\ISIC_0015986.jpg,0.3000364303588867,-0.8410354852676392
data\test\nevus\ISIC_0015987.jpg,0.3168034553527832,-0.7093968987464905
data\test\nevus\ISIC_0015988.jpg,0.5519596338272095,0.03753752261400223
data\test\nevus\ISIC_0015989.jpg,0.5838245153427124,0.417042076587677
data\test\nevus\ISIC_0015990.jpg,0.511411190032959,-1.1919788122177124
data\test\nevus\ISIC_0015991.jpg,0.6026724576950073,-0.7151992321014404
data\test\nevus\ISIC_0015992.jpg,0.4615890085697174,-1.8216835260391235
data\test\nevus\ISIC_0015993.jpg,0.47890281677246094,-0.11019471287727356
data\test\nevus\ISIC_0015994.jpg,0.8956636190414429,-1.0622895956039429
data\test\nevus\ISIC_0015995.jpg,1.6468732357025146,-0.5756776332855225
data\test\nevus\ISIC_0015996.jpg,0.09327368438243866,0.19985681772232056
data\test\nevus\ISIC_0015997.jpg,0.3112483024597168,-0.9422146677970886
data\test\nevus\ISIC_0015998.jpg,-0.5549521446228027,0.08352021127939224
data\test\nevus\ISIC_0015999.jpg,-0.48165103793144226,-0.4094597399234772
data\test\nevus\ISIC_0016000.jpg,1.8494216203689575,-0.27275824546813965
data\test\nevus\ISIC_0016001.jpg,0.2902412414550781,0.8186704516410828
data\test\nevus\ISIC_0016002.jpg,0.18945544958114624,-1.3444594144821167
data\test\nevus\ISIC_0016003.jpg,2.011237859725952,-4.2443742752075195
data\test\nevus\ISIC_0016004.jpg,0.4320836365222931,-0.8694087862968445
data\test\nevus\ISIC_0016005.jpg,0.8264933824539185,-0.8602824807167053
data\test\nevus\ISIC_0016006.jpg,-0.8761154413223267,1.7961524724960327
data\test\nevus\ISIC_0016007.jpg,-0.17306062579154968,0.7923139333724976
data\test\nevus\ISIC_0016008.jpg,0.3241548240184784,0.1492815911769867
data\test\nevus\ISIC_0016009.jpg,-0.0931691825389862,-0.22013600170612335
data\test\nevus\ISIC_0016011.jpg,-0.7673829793930054,0.22171533107757568
data\test\nevus\ISIC_0016012.jpg,1.353105902671814,-0.5771536231040955
data\test\nevus\ISIC_0016013.jpg,-1.8533915281295776,1.0934635400772095
data\test\nevus\ISIC_0016014.jpg,1.0266553163528442,-1.5853415727615356
data\test\nevus\ISIC_0016015.jpg,-0.7956125736236572,0.2122422456741333
data\test\nevus\ISIC_0016016.jpg,0.6706770658493042,-0.1192643791437149
data\test\nevus\ISIC_0016017.jpg,0.009134232997894287,-0.6402137875556946
data\test\nevus\ISIC_0016018.jpg,-1.041181206703186,-0.18100589513778687
data\test\nevus\ISIC_0016019.jpg,0.5044420957565308,0.4932706952095032
data\test\nevus\ISIC_0016022.jpg,0.9530860185623169,0.08684969693422318
data\test\nevus\ISIC_0016023.jpg,0.06348425894975662,0.8932564854621887
data\test\nevus\ISIC_0016024.jpg,1.0253984928131104,-0.05794579163193703
data\test\nevus\ISIC_0016025.jpg,0.8300659656524658,-0.5064696669578552
data\test\nevus\ISIC_0016026.jpg,0.46458807587623596,0.46611660718917847
data\test\nevus\ISIC_0016027.jpg,-0.9328798055648804,0.9388843178749084
data\test\nevus\ISIC_0016028.jpg,0.27113211154937744,-0.06652399152517319
data\test\nevus\ISIC_0016029.jpg,1.2118842601776123,-1.5198501348495483
data\test\nevus\ISIC_0016030.jpg,0.23053839802742004,0.6510812640190125
data\test\nevus\ISIC_0016031.jpg,2.11698579788208,-1.3848475217819214
data\test\nevus\ISIC_0016033.jpg,1.9812934398651123,-1.1966079473495483
data\test\nevus\ISIC_0016034.jpg,0.30799400806427,0.3478499948978424
data\test\nevus\ISIC_0016035.jpg,0.21219497919082642,0.5046191811561584
data\test\nevus\ISIC_0016036.jpg,1.3441054821014404,-0.6396182179450989
data\test\nevus\ISIC_0016037.jpg,-0.09806102514266968,0.13992589712142944
data\test\nevus\ISIC_0016038.jpg,0.17813321948051453,-0.9271729588508606
data\test\nevus\ISIC_0016040.jpg,0.3066454231739044,-0.23252055048942566
data\test\nevus\ISIC_0016041.jpg,0.18880227208137512,0.3315023183822632
data\test\nevus\ISIC_0016042.jpg,0.5172131657600403,-0.18346193432807922
data\test\nevus\ISIC_0016043.jpg,-0.3034702241420746,1.6427279710769653
data\test\nevus\ISIC_0016044.jpg,-0.1867736279964447,0.7007040977478027
data\test\nevus\ISIC_0016045.jpg,1.1175016164779663,-0.8898703455924988
data\test\nevus\ISIC_0016046.jpg,1.447675347328186,-0.883164644241333
data\test\nevus\ISIC_0016048.jpg,1.2123504877090454,-1.6430128812789917
data\test\nevus\ISIC_0016049.jpg,2.077916145324707,-2.556472063064575
data\test\nevus\ISIC_0016050.jpg,1.9745192527770996,-2.3136651515960693
data\test\nevus\ISIC_0016051.jpg,0.7849684953689575,-1.9175583124160767
data\test\nevus\ISIC_0016052.jpg,-0.08553126454353333,0.8034699559211731
data\test\nevus\ISIC_0016053.jpg,1.283856749534607,-1.1857861280441284
data\test\nevus\ISIC_0016054.jpg,-0.41530361771583557,1.060041069984436
data\test\nevus\ISIC_0016055.jpg,-0.08327564597129822,-0.6790599822998047
data\test\nevus\ISIC_0016056.jpg,0.590735673904419,-0.7950968146324158
data\test\nevus\ISIC_0016057.jpg,1.6803010702133179,-1.9450410604476929
data\test\nevus\ISIC_0016058.jpg,-0.49174293875694275,1.485751748085022
data\test\nevus\ISIC_0016059.jpg,0.12287622690200806,-1.0520565509796143
data\test\nevus\ISIC_0016060.jpg,0.8070712089538574,-0.8432393670082092
data\test\nevus\ISIC_0016061.jpg,0.527355432510376,-1.7294620275497437
data\test\nevus\ISIC_0016062.jpg,1.1138525009155273,-1.4168400764465332
data\test\nevus\ISIC_0016063.jpg,0.6257212162017822,-1.3148216009140015
data\test\nevus\ISIC_0016064.jpg,-0.44219544529914856,0.4064280390739441
data\test\nevus\ISIC_0016065.jpg,-0.9621627330780029,0.01372092217206955
data\test\nevus\ISIC_0016066.jpg,1.7533847093582153,-0.08773098886013031
data\test\nevus\ISIC_0016068.jpg,2.999995708465576,-2.1040823459625244
data\test\nevus\ISIC_0016069.jpg,1.694381594657898,-2.2892940044403076
data\test\nevus\ISIC_0016070.jpg,0.5417330861091614,-0.10491249710321426
data\test\nevus\ISIC_0016071.jpg,1.3063502311706543,-1.5293084383010864
data\test\nevus\ISIC_0016072.jpg,2.3874051570892334,-1.547874093055725
data\test\seborrheic_keratosis\ISIC_0012086.jpg,0.4348549544811249,0.27837491035461426
data\test\seborrheic_keratosis\ISIC_0012134.jpg,0.794048547744751,0.5759970545768738
data\test\seborrheic_keratosis\ISIC_0012136.jpg,0.29916441440582275,0.82132887840271
data\test\seborrheic_keratosis\ISIC_0012178.jpg,0.3092587888240814,0.45593100786209106
data\test\seborrheic_keratosis\ISIC_0012199.jpg,2.7737765312194824,-1.6147552728652954
data\test\seborrheic_keratosis\ISIC_0012207.jpg,-0.04017004370689392,0.9693532586097717
data\test\seborrheic_keratosis\ISIC_0012215.jpg,-0.6118060350418091,2.5228796005249023
data\test\seborrheic_keratosis\ISIC_0012223.jpg,1.7628284692764282,-1.0474908351898193
data\test\seborrheic_keratosis\ISIC_0012240.jpg,0.28886285424232483,0.5834478735923767
data\test\seborrheic_keratosis\ISIC_0012248.jpg,-0.018231898546218872,1.6830236911773682
data\test\seborrheic_keratosis\ISIC_0012265.jpg,0.6729202270507812,0.09034938365221024
data\test\seborrheic_keratosis\ISIC_0012266.jpg,0.3907628059387207,0.5286945700645447
data\test\seborrheic_keratosis\ISIC_0012272.jpg,-0.4439276158809662,1.0070730447769165
data\test\seborrheic_keratosis\ISIC_0012273.jpg,-0.2013218104839325,1.1509166955947876
data\test\seborrheic_keratosis\ISIC_0012314.jpg,-0.06441900134086609,1.413613200187683
data\test\seborrheic_keratosis\ISIC_0012323.jpg,-1.0376009941101074,3.0171611309051514
data\test\seborrheic_keratosis\ISIC_0012330.jpg,-0.606626033782959,1.5739761590957642
data\test\seborrheic_keratosis\ISIC_0012358.jpg,0.2801659405231476,0.5668076872825623
data\test\seborrheic_keratosis\ISIC_0012364.jpg,-0.33720216155052185,-0.07737672328948975
data\test\seborrheic_keratosis\ISIC_0012372.jpg,-0.7365241050720215,2.0735156536102295
data\test\seborrheic_keratosis\ISIC_0012375.jpg,0.5932137966156006,0.5489985346794128
data\test\seborrheic_keratosis\ISIC_0012387.jpg,-1.0801515579223633,1.9727247953414917
data\test\seborrheic_keratosis\ISIC_0012388.jpg,-0.7045289278030396,1.205267071723938
data\test\seborrheic_keratosis\ISIC_0012414.jpg,-0.7845677137374878,1.87684166431427
data\test\seborrheic_keratosis\ISIC_0012428.jpg,-0.054009437561035156,1.2570793628692627
data\test\seborrheic_keratosis\ISIC_0012432.jpg,-0.17128291726112366,0.38018476963043213
data\test\seborrheic_keratosis\ISIC_0012447.jpg,0.9305514097213745,-0.2093309760093689
data\test\seborrheic_keratosis\ISIC_0012448.jpg,0.3356053829193115,0.9441381096839905
data\test\seborrheic_keratosis\ISIC_0012510.jpg,0.1656171977519989,0.9797670245170593
data\test\seborrheic_keratosis\ISIC_0012522.jpg,0.4534832537174225,0.7360016107559204
data\test\seborrheic_keratosis\ISIC_0012537.jpg,0.05091826617717743,0.32979997992515564
data\test\seborrheic_keratosis\ISIC_0012548.jpg,1.5304319858551025,-0.17488107085227966
data\test\seborrheic_keratosis\ISIC_0012705.jpg,1.204220175743103,-0.12878715991973877
data\test\seborrheic_keratosis\ISIC_0012757.jpg,1.288153052330017,-1.6694386005401611
data\test\seborrheic_keratosis\ISIC_0012786.jpg,-0.07045793533325195,0.4730324149131775
data\test\seborrheic_keratosis\ISIC_0012848.jpg,-0.4241785705089569,0.9067862629890442
data\test\seborrheic_keratosis\ISIC_0012852.jpg,-0.8225364685058594,0.6282155513763428
data\test\seborrheic_keratosis\ISIC_0012928.jpg,-0.17346236109733582,1.1561537981033325
data\test\seborrheic_keratosis\ISIC_0012955.jpg,-0.6314111948013306,-0.3884367346763611
data\test\seborrheic_keratosis\ISIC_0012974.jpg,0.760124683380127,-0.18179476261138916
data\test\seborrheic_keratosis\ISIC_0013030.jpg,-1.2587002515792847,2.486689329147339
data\test\seborrheic_keratosis\ISIC_0013035.jpg,-0.8087059259414673,1.916878581047058
data\test\seborrheic_keratosis\ISIC_0013085.jpg,0.19595634937286377,0.1422518491744995
data\test\seborrheic_keratosis\ISIC_0013169.jpg,0.25806576013565063,1.7510422468185425
data\test\seborrheic_keratosis\ISIC_0013170.jpg,-0.09106871485710144,1.0369888544082642
data\test\seborrheic_keratosis\ISIC_0013203.jpg,-0.7964667081832886,1.331874132156372
data\test\seborrheic_keratosis\ISIC_0013270.jpg,1.053356409072876,-0.590937077999115
data\test\seborrheic_keratosis\ISIC_0013271.jpg,-0.38909801840782166,0.660781741142273
data\test\seborrheic_keratosis\ISIC_0013281.jpg,-0.5584249496459961,1.319156289100647
data\test\seborrheic_keratosis\ISIC_0013319.jpg,0.227544367313385,0.5709208250045776
data\test\seborrheic_keratosis\ISIC_0013393.jpg,-0.3504581153392792,1.3447285890579224
data\test\seborrheic_keratosis\ISIC_0013465.jpg,-2.4341955184936523,2.3451950550079346
data\test\seborrheic_keratosis\ISIC_0013673.jpg,-1.2291027307510376,2.212763547897339
data\test\seborrheic_keratosis\ISIC_0013708.jpg,0.0940677598118782,0.775850236415863
data\test\seborrheic_keratosis\ISIC_0013764.jpg,1.8417755365371704,0.23402339220046997
data\test\seborrheic_keratosis\ISIC_0013977.jpg,-1.1694912910461426,2.1074583530426025
data\test\seborrheic_keratosis\ISIC_0014006.jpg,0.8960317373275757,-0.20552505552768707
data\test\seborrheic_keratosis\ISIC_0014177.jpg,-0.825883150100708,2.2968380451202393
data\test\seborrheic_keratosis\ISIC_0014251.jpg,-0.3301355540752411,1.6716738939285278
data\test\seborrheic_keratosis\ISIC_0014278.jpg,-1.0586546659469604,0.9796478152275085
data\test\seborrheic_keratosis\ISIC_0014386.jpg,-0.5458666086196899,0.13766470551490784
data\test\seborrheic_keratosis\ISIC_0014392.jpg,0.34377264976501465,1.0276113748550415
data\test\seborrheic_keratosis\ISIC_0014409.jpg,0.06237877160310745,-0.22540897130966187
data\test\seborrheic_keratosis\ISIC_0014419.jpg,0.9929944276809692,0.29369717836380005
data\test\seborrheic_keratosis\ISIC_0014457.jpg,1.2165409326553345,-0.6843357086181641
data\test\seborrheic_keratosis\ISIC_0014474.jpg,0.0525427907705307,0.600756049156189
data\test\seborrheic_keratosis\ISIC_0014500.jpg,0.5665470361709595,0.3891634941101074
data\test\seborrheic_keratosis\ISIC_0014503.jpg,-0.7056080102920532,1.916866660118103
data\test\seborrheic_keratosis\ISIC_0014567.jpg,-1.469679355621338,2.009523630142212
data\test\seborrheic_keratosis\ISIC_0014574.jpg,0.4050161838531494,-0.9203378558158875
data\test\seborrheic_keratosis\ISIC_0014575.jpg,-0.267473429441452,0.511236846446991
data\test\seborrheic_keratosis\ISIC_0014586.jpg,1.0970978736877441,-0.18181850016117096
data\test\seborrheic_keratosis\ISIC_0014587.jpg,-0.40747007727622986,1.0770715475082397
data\test\seborrheic_keratosis\ISIC_0014588.jpg,-1.3472651243209839,1.4384247064590454
data\test\seborrheic_keratosis\ISIC_0014590.jpg,-0.45540377497673035,0.5540853142738342
data\test\seborrheic_keratosis\ISIC_0014600.jpg,1.8295462131500244,-0.7950880527496338
data\test\seborrheic_keratosis\ISIC_0014619.jpg,1.1574842929840088,-1.188630223274231
data\test\seborrheic_keratosis\ISIC_0014626.jpg,0.11152461916208267,0.35700109601020813
data\test\seborrheic_keratosis\ISIC_0014627.jpg,-0.021539807319641113,0.6436273455619812
data\test\seborrheic_keratosis\ISIC_0014629.jpg,0.042907923460006714,0.3346211910247803
data\test\seborrheic_keratosis\ISIC_0014631.jpg,-1.0613816976547241,1.323372483253479
data\test\seborrheic_keratosis\ISIC_0014634.jpg,-0.6913691759109497,1.389121413230896
data\test\seborrheic_keratosis\ISIC_0014643.jpg,0.16131606698036194,0.29237115383148193
data\test\seborrheic_keratosis\ISIC_0014644.jpg,0.5560551881790161,0.4286847710609436
data\test\seborrheic_keratosis\ISIC_0014645.jpg,0.20247262716293335,1.247402310371399
data\test\seborrheic_keratosis\ISIC_0014647.jpg,0.26164740324020386,-0.5382441282272339
data\test\seborrheic_keratosis\ISIC_0014648.jpg,-1.2952677011489868,0.9312780499458313
data\test\seborrheic_keratosis\ISIC_0014649.jpg,-1.7655985355377197,2.04430890083313
data\test\seborrheic_keratosis\ISIC_0014652.jpg,0.24523386359214783,0.6213882565498352
data\test\seborrheic_keratosis\ISIC_0014653.jpg,0.4934370219707489,-0.9428303241729736
